Id,Label
timothyronald22,timothyronald22
Persuasi_id,Persuasi_id
muel_cristin,muel_cristin
Serenz0_,Serenz0_
menuksutrisno,menuksutrisno
SBYudhoyono,SBYudhoyono
bebrykes,bebrykes
prokaldotco,prokaldotco
geloraco,geloraco
Faitoofficial,Faitoofficial
webelshinta,webelshinta
yudhadsn,yudhadsn
bete_sama_kamu,bete_sama_kamu
najib_prasetyo2,najib_prasetyo2
AchsanKhan,AchsanKhan
kanalbali,kanalbali
hiibernasi,hiibernasi
djaycoholyc,djaycoholyc
nd_nughro,nd_nughro
waffer_n,waffer_n
gnzt6,gnzt6
Marsinahid,Marsinahid
timbaluss,timbaluss
ANTARAJatim_,ANTARAJatim_
medyrenaldy_,medyrenaldy_
i_ervans,i_ervans
ManaluHumiras,ManaluHumiras
pongkibarata,pongkibarata
annaskaryadi,annaskaryadi
Bambang_Budimab,Bambang_Budimab
anastasyuuu,anastasyuuu
kuromajo14,kuromajo14
aromapetrikorr,aromapetrikorr
calumhooes,calumhooes
SuryaAj81671816,SuryaAj81671816
idnws_com,idnws_com
ppisangggg,ppisangggg
txtdarisukabumi,txtdarisukabumi
Anak__Ogi,Anak__Ogi
gukzie,gukzie
tokreiv,tokreiv
_sonofasnitch,_sonofasnitch
HMJ_Unpad,HMJ_Unpad
detikjabar_,detikjabar_
sulingelektrik,sulingelektrik
akuratco,akuratco
DiahiraSuny,DiahiraSuny
bernarasiii,bernarasiii
AdityaMeiliala,AdityaMeiliala
jiungnaling,jiungnaling
hurjly,hurjly
pinterpolitik,pinterpolitik
twentytwokid,twentytwokid
TVMuhammadiyah,TVMuhammadiyah
dimzsky_,dimzsky_
HumorJonTampan,HumorJonTampan
sinardyas,sinardyas
martabucksx,martabucksx
clawhs02,clawhs02
safenetvoice,safenetvoice
Dennysiregar7,Dennysiregar7
Armasnurbahari,Armasnurbahari
NEW_BERITAANDA,NEW_BERITAANDA
KaptenMala44,KaptenMala44
DDivianta24,DDivianta24
melekmedia,melekmedia
nusapelagos,nusapelagos
txtdriprogresif,txtdriprogresif
JambiposI,JambiposI
AjWidjanarko_,AjWidjanarko_
UnxpectedUxp,UnxpectedUxp
voxjournalistkw,voxjournalistkw
BdgBergerakID,BdgBergerakID
Aldo_regi15,Aldo_regi15
anggaa_93,anggaa_93
republikaonline,republikaonline
_ultrami,_ultrami
andikamalreza,andikamalreza
tomskitomska,tomskitomska
Istricantikmuu,Istricantikmuu
srii_ratnaa,srii_ratnaa
kemkominfo,kemkominfo
Bisniscom,Bisniscom
malin_palimo,malin_palimo
tiranosansss,tiranosansss
lpmsuaka,lpmsuaka
tokobintang21,tokobintang21
SKHmemorandum,SKHmemorandum
oryza_wirawan,oryza_wirawan
sweet_girlyyyy,sweet_girlyyyy
folkandalas,folkandalas
infobogor,infobogor
zainalamochtar,zainalamochtar
RadjaRasta_,RadjaRasta_
gabuterssst,gabuterssst
IDNTimesJabar,IDNTimesJabar
narasitv,narasitv
frankfustein,frankfustein
seputarbaliNews,seputarbaliNews
fourxio,fourxio
blebiuokami,blebiuokami
hmmdiar,hmmdiar
ScuderiaUnited5,ScuderiaUnited5
argentas58,argentas58
klappertart_,klappertart_
tompocophone,tompocophone
olahankedelai,olahankedelai
bacottetangga_,bacottetangga_
CurhatKRL,CurhatKRL
NasDem,NasDem
cozynnamon,cozynnamon
amprastyo17,amprastyo17
herllynnnn,herllynnnn
dirasatri,dirasatri
otonominews2,otonominews2
andreanmlnn,andreanmlnn
nianugroho,nianugroho
kumparan,kumparan
frierensaga,frierensaga
pambudiPati,pambudiPati
RM_RajaMedia,RM_RajaMedia
jstwillians,jstwillians
mochramdhani24,mochramdhani24
Fadlipenyair12,Fadlipenyair12
bainanjia,bainanjia
SilumanPantura,SilumanPantura
AdiOfN,AdiOfN
nnajhann,nnajhann
edensorian,edensorian
Hamdiirawan17,Hamdiirawan17
negativisme,negativisme
admjurnalpantu1,admjurnalpantu1
SiaranBolaLive,SiaranBolaLive
Vicria_2511,Vicria_2511
_balabadik,_balabadik
gay_ass_link,gay_ass_link
iwalanwar,iwalanwar
anasisil_,anasisil_
VIVAcoid,VIVAcoid
knpharuspeduli,knpharuspeduli
pie_ceofher,pie_ceofher
tommysetiady,tommysetiady
kangdede78,kangdede78
bungaaah_,bungaaah_
Kimberley_PS08,Kimberley_PS08
roan_gylberth,roan_gylberth
IdTrimurti,IdTrimurti
superradioid,superradioid
BudiBukanIntel,BudiBukanIntel
devi_pray,devi_pray
SamaliBoi,SamaliBoi
SoeTjenMarching,SoeTjenMarching
bimaandityaa,bimaandityaa
AJIBdg,AJIBdg
Fai03vrd,Fai03vrd
AdityaJere89853,AdityaJere89853
Himiaumj,Himiaumj
gb_sleepy,gb_sleepy
gioandre9_,gioandre9_
LylySophie1,LylySophie1
setengahearti,setengahearti
Popularitascom,Popularitascom
bambang314,bambang314
PantauNewsRiau,PantauNewsRiau
buzzingidn,buzzingidn
updatebalii,updatebalii
aefhilv,aefhilv
asdfghnsjkl,asdfghnsjkl
cumamedan,cumamedan
rubahcungkrin9,rubahcungkrin9
summer_sky_001,summer_sky_001
PKSejahtera,PKSejahtera
Leviathan5th,Leviathan5th
aidimediadump,aidimediadump
zenincarr,zenincarr
kwekism,kwekism
lipodiana,lipodiana
Purrell_Fiktif,Purrell_Fiktif
abedd98,abedd98
waspadadotid,waspadadotid
Coklatjellyy,Coklatjellyy
eradotid,eradotid
PDI_Perjuangan,PDI_Perjuangan
cyactus,cyactus
grok,grok
heralddotID,heralddotID
GerakinUI,GerakinUI
clayiskoro,clayiskoro
ottm4r,ottm4r
HaveAniesDay,HaveAniesDay
fischellene,fischellene
chronicalmoon,chronicalmoon
HukumOnline,HukumOnline
pasifisstate,pasifisstate
al_yulianra,al_yulianra
mosidik,mosidik
EfanSteph,EfanSteph
voldemoods,voldemoods
nafizal_mu,nafizal_mu
tvr_parlemen,tvr_parlemen
juvegaristabah,juvegaristabah
pengamatTLine,pengamatTLine
dipanggilwawan,dipanggilwawan
Miroliaa,Miroliaa
thafism__,thafism__
islamtoday_news,islamtoday_news
sprawl_mountain,sprawl_mountain
PrayogiSandy,PrayogiSandy
wijayaarx,wijayaarx
SetopKorupsi,SetopKorupsi
magdaleneid,magdaleneid
BeritaBorneo1,BeritaBorneo1
karinajonkwe,karinajonkwe
NidaaIsti,NidaaIsti
krisna_ant,krisna_ant
IDNTimes,IDNTimes
haluanharian,haluanharian
GeiszChalifah,GeiszChalifah
pojok6indonesia,pojok6indonesia
Rigensih,Rigensih
tizaki09,tizaki09
rapunjellyeuw,rapunjellyeuw
_thisjoys,_thisjoys
anggapph2,anggapph2
baramenggema,baramenggema
radioru20816532,radioru20816532
merdekadotcom,merdekadotcom
StefanAntonio__,StefanAntonio__
_jogja,_jogja
Singo_Yudho5,Singo_Yudho5
Lajuneji23,Lajuneji23
pranaladotco,pranaladotco
internetmain,internetmain
KompasKlasika,KompasKlasika
senjayustitia,senjayustitia
aidan_putraa,aidan_putraa
agakpusingk,agakpusingk
MiskinTV_,MiskinTV_
buziniss,buziniss
Kusumah94841006,Kusumah94841006
matakamera_net,matakamera_net
jvncs_,jvncs_
hhanncock,hhanncock
sumatera2460011,sumatera2460011
seijisuzuki6,seijisuzuki6
williamg1808,williamg1808
radartangsel_,radartangsel_
tvindonesiawkwk,tvindonesiawkwk
glohsyi,glohsyi
ChangeOrg_ID,ChangeOrg_ID
devanokencana,devanokencana
susiloian5,susiloian5
bhres_,bhres_
HamalHamdani,HamalHamdani
dimstrds,dimstrds
enicmat,enicmat
distori_id,distori_id
tvrijateng,tvrijateng
barqimunir06,barqimunir06
SandyOE988,SandyOE988
utiyanath,utiyanath
angewwie,angewwie
putiihandayy,putiihandayy
ultramiruwku,ultramiruwku
fullchanieee,fullchanieee
cinnamongirlc,cinnamongirlc
Hiemuzaaa,Hiemuzaaa
rakyatterkini,rakyatterkini
coffeeteandmilk,coffeeteandmilk
arvendomh,arvendomh
messylochness,messylochness
sumarsih11,sumarsih11
miqbalhm1,miqbalhm1
OposisiCerdas,OposisiCerdas
creative_id1,creative_id1
BetaEpsilonPhi,BetaEpsilonPhi
grafy08pluto,grafy08pluto
MamenPlegmatis,MamenPlegmatis
tulisannnnn,tulisannnnn
deantaraxan,deantaraxan
soskenthu,soskenthu
ardisatriawan,ardisatriawan
jakartaramble,jakartaramble
muhhussen,muhhussen
mitcukki,mitcukki
beritasumut77,beritasumut77
oxydoom,oxydoom
mengeluarkan,mengeluarkan
pramonoanung,pramonoanung
alisyarief,alisyarief
IDNTimesSumut,IDNTimesSumut
adhepur,adhepur
nu_online,nu_online
msaid_didu,msaid_didu
ofcimrrrud,ofcimrrrud
Nurulbona,Nurulbona
dantsus,dantsus
fahridh2,fahridh2
Arga8S,Arga8S
_yuiazu,_yuiazu
dkotama,dkotama
layarnews_,layarnews_
yangjualankopi,yangjualankopi
kastanye__,kastanye__
intermediapro_,intermediapro_
sinpotv,sinpotv
akuzyu,akuzyu
SINDIKASI_,SINDIKASI_
resta_gulayah,resta_gulayah
seruanhl,seruanhl
dicky_santo88,dicky_santo88
Nara_IDN,Nara_IDN
yusrinanggraini,yusrinanggraini
jawirisme,jawirisme
bfndrk,bfndrk
alpukatnuklir,alpukatnuklir
FreshmanXdavid,FreshmanXdavid
nuvillaera,nuvillaera
KasbiIndo,KasbiIndo
777luckiest,777luckiest
AngyBirbs,AngyBirbs
hambatan_bebas,hambatan_bebas
djaja1995,djaja1995
hooniethelima,hooniethelima
fadkars,fadkars
Firados1,Firados1
TxtdariHI,TxtdariHI
hargocoid,hargocoid
jalalil666,jalalil666
ekky1995,ekky1995
Iwantrianto6,Iwantrianto6
tersendal,tersendal
wibowo_choir,wibowo_choir
TVRI_Jambi,TVRI_Jambi
yasir_badwi65,yasir_badwi65
KabarMakassarr,KabarMakassarr
radarnasional_,radarnasional_
afterlifedie,afterlifedie
ireneclaire202,ireneclaire202
progresip_,progresip_
wannafigh,wannafigh
oerbancom,oerbancom
yosefikr,yosefikr
foxtrotvlrt,foxtrotvlrt
author_wetpet,author_wetpet
thalissuffering,thalissuffering
aurora_usada024,aurora_usada024
dbluestarqueen,dbluestarqueen
capekbner,capekbner
cips_id,cips_id
samw41l,samw41l
peter_parkour12,peter_parkour12
wisnu_prasetya,wisnu_prasetya
memoirely,memoirely
MerrMagda,MerrMagda
jokoanwar,jokoanwar
paklik_dy,paklik_dy
aeueeeh,aeueeeh
puspenpol,puspenpol
olanzaphine,olanzaphine
marho_maxi,marho_maxi
ivooxid,ivooxid
mojislikethis,mojislikethis
dancingrain2020,dancingrain2020
menaerus,menaerus
aauright_here,aauright_here
mahdinosaur,mahdinosaur
tribunjambiku,tribunjambiku
adri_7i,adri_7i
inggritfrilly,inggritfrilly
someduck_lvr,someduck_lvr
G0mb4k,G0mb4k
skinnyfroglegss,skinnyfroglegss
shafarrraj,shafarrraj
nedo_oden,nedo_oden
IrfanBephe,IrfanBephe
rebase_nft,rebase_nft
andi_chairil,andi_chairil
bellaViztaa,bellaViztaa
txtdarimaskael5,txtdarimaskael5
MichelAdam7__,MichelAdam7__
_rwis26,_rwis26
psoobean,psoobean
Ephock69,Ephock69
R_Perkasa,R_Perkasa
krrrik_,krrrik_
anonjawa,anonjawa
anak_legal,anak_legal
radixwill,radixwill
iHoxNtZbI34AtI8,iHoxNtZbI34AtI8
obig_lucifer,obig_lucifer
forkathr1na,forkathr1na
juan_adryan82,juan_adryan82
celinblink,celinblink
afnanboma10,afnanboma10
irasurya,irasurya
banyakinbobanya,banyakinbobanya
ainunzahras,ainunzahras
yooggooy_,yooggooy_
xhuranus,xhuranus
serakyut,serakyut
sketsindonews,sketsindonews
man07_ip36818,man07_ip36818
IDNTimesJateng,IDNTimesJateng
Hasby21834910,Hasby21834910
ken_fullmetal,ken_fullmetal
kulabudi,kulabudi
yuniperes,yuniperes
SuicideSquad76,SuicideSquad76
jurnalpostcom,jurnalpostcom
memefess,memefess
dheola,dheola
KPK_RI,KPK_RI
VikaLestar11,VikaLestar11
jurnaljatimcom,jurnaljatimcom
topazday,topazday
hariankompas,hariankompas
yahya_ar2017,yahya_ar2017
bintangemon,bintangemon
GrindingBasara,GrindingBasara
PersibTea1933,PersibTea1933
Andrejivisi,Andrejivisi
hudafatc,hudafatc
meutya_hafid,meutya_hafid
BongkahI,BongkahI
ekeckeck,ekeckeck
cutestcherrie,cutestcherrie
Zaenal58788427,Zaenal58788427
ablubukblubuk,ablubukblubuk
yanniyeoja,yanniyeoja
okezonenews,okezonenews
remmy_purba2,remmy_purba2
NarasiNewsroom,NarasiNewsroom
na_DiemMakarim,na_DiemMakarim
KompasTV,KompasTV
mohmahfudmd,mohmahfudmd
yourbae,yourbae
jurnal9dottv,jurnal9dottv
BEMFISIPUNSIL,BEMFISIPUNSIL
rastafaris,rastafaris
Coklatkejuenk,Coklatkejuenk
adindaardhiasa4,adindaardhiasa4
mymo0d,mymo0d
milkachew,milkachew
aldyxcvii,aldyxcvii
Beritabaruco,Beritabaruco
andini8489,andini8489
TerapiDMinor,TerapiDMinor
frasaccordi,frasaccordi
buttercupdonut,buttercupdonut
Dokter_News,Dokter_News
mqfmbandung,mqfmbandung
peter_hari,peter_hari
Tampandanbrni,Tampandanbrni
wiuindonesia,wiuindonesia
Naufalakbary,Naufalakbary
dimassuryo,dimassuryo
0x_pastaMan,0x_pastaMan
saluransebelas,saluransebelas
_IhzaFirdaus,_IhzaFirdaus
Uptoyedamie07,Uptoyedamie07
heloo_ko,heloo_ko
rioagussetiawan,rioagussetiawan
fajaronline,fajaronline
ilatireng,ilatireng
ridho_alhamdi,ridho_alhamdi
KOPKENTOT,KOPKENTOT
Abanmj1,Abanmj1
sssalmon69,sssalmon69
patragumala,patragumala
fdmncfdmnc,fdmncfdmnc
DKIJakarta,DKIJakarta
pdiihperjuangan,pdiihperjuangan
petanisaja,petanisaja
fatherbuysmilk,fatherbuysmilk
PetugasRakyatRI,PetugasRakyatRI
sukabumikuweb,sukabumikuweb
hadafir,hadafir
karangkurang,karangkurang
masaryaduta,masaryaduta
infocianjur,infocianjur
letmesleepmate,letmesleepmate
lsj_lawugm,lsj_lawugm
onunblocked,onunblocked
daehypeelS_,daehypeelS_
danurumbara,danurumbara
zarryhendrik,zarryhendrik
mglbr,mglbr
guccois,guccois
samasurrr,samasurrr
golkar_id,golkar_id
WidasSatyo,WidasSatyo
FebriTriHarmoko,FebriTriHarmoko
Jayabay19479190,Jayabay19479190
yeonkkoch25,yeonkkoch25
NasiAking234,NasiAking234
abcdeCeritaAja,abcdeCeritaAja
imrenagi,imrenagi
ainascnrrmt,ainascnrrmt
sopasia,sopasia
bintanggraditya,bintanggraditya
gandjar_bondan,gandjar_bondan
sokoguruid,sokoguruid
pandji,pandji
SIGMATVUNJ,SIGMATVUNJ
scarfacev5778,scarfacev5778
theMiniNino,theMiniNino
erickest,erickest
kurnialexander,kurnialexander
mushybouquet,mushybouquet
jinawi_kuswoyo,jinawi_kuswoyo
manticore_,manticore_
ridhoharley,ridhoharley
directioncee,directioncee
MediaJatim,MediaJatim
bukan4non,bukan4non
sirulhaq,sirulhaq
SoundOfYogi,SoundOfYogi
acehkini,acehkini
2komaini_ahmad4,2komaini_ahmad4
jigipaw,jigipaw
vevelynnnn,vevelynnnn
TapaNgumbara,TapaNgumbara
jigseok,jigseok
skmamanat,skmamanat
Heraloebss,Heraloebss
pra47880678,pra47880678
panditfootball,panditfootball
BERAXnews,BERAXnews
PngAdilnR4kyt,PngAdilnR4kyt
YudaFor,YudaFor
Rebornian48,Rebornian48
keoszh,keoszh
tsetiady,tsetiady
fokusjabar,fokusjabar
leviandc,leviandc
GoWest,GoWest
raytyyseven,raytyyseven
ninik_setiawan,ninik_setiawan
Ridwannurm,Ridwannurm
boomipasundan,boomipasundan
Blenk_99,Blenk_99
Binsuscom,Binsuscom
hagogah,hagogah
RayaLegawa,RayaLegawa
wh0tvr,wh0tvr
berdoasblmtidur,berdoasblmtidur
ricizzz,ricizzz
t0the3nd_,t0the3nd_
txtfromezi,txtfromezi
KemenBUMN,KemenBUMN
pixelutep,pixelutep
musuhphp,musuhphp
Malinichitraayu,Malinichitraayu
AliasRapopo,AliasRapopo
YLBHI,YLBHI
KPI,KPI
Gespentser,Gespentser
rmol_id,rmol_id
kageuama,kageuama
IDNTimesBanten,IDNTimesBanten
RK_Lamongan,RK_Lamongan
mymykidults,mymykidults
arcadiaxfade,arcadiaxfade
acendanna,acendanna
inouciance,inouciance
Barri_2410,Barri_2410
_banghardi,_banghardi
Chaste_2,Chaste_2
rivouchhh,rivouchhh
mintoadhi1210,mintoadhi1210
imamprw,imamprw
akmalmaulanaa10,akmalmaulanaa10
are_inismyname,are_inismyname
WaspadaOnline,WaspadaOnline
aidil_rizal2,aidil_rizal2
bana_cotta,bana_cotta
AlpaZuluFoxtrot,AlpaZuluFoxtrot
m_radarnew,m_radarnew
JamesFayezz,JamesFayezz
BEM_FHUI,BEM_FHUI
sudjiwotedjo,sudjiwotedjo
KabarNgetren,KabarNgetren
hecanlvv,hecanlvv
Gundaaaamn,Gundaaaamn
biohazzardouz,biohazzardouz
mardiasih,mardiasih
Listy9021,Listy9021
Sechan112,Sechan112
_marvvk,_marvvk
akaashikasihku,akaashikasihku
zer0failed,zer0failed
JetVeetlev,JetVeetlev
Golkar_News,Golkar_News
SketsaUnmul,SketsaUnmul
ezash,ezash
idbaruid,idbaruid
necesitomanzana,necesitomanzana
cnjjl,cnjjl
JonKoplomukidi,JonKoplomukidi
lluvianeiva,lluvianeiva
lialoves_lia,lialoves_lia
Perkantas,Perkantas
syifauziyahh,syifauziyahh
srpablo,srpablo
soloposdotcom,soloposdotcom
ynadty,ynadty
medanmycity,medanmycity
LPMTEROPONGUMSU,LPMTEROPONGUMSU
bungfarid,bungfarid
imamaguung_,imamaguung_
avcrst,avcrst
GenuineHeart11,GenuineHeart11
salmaptrsyifa,salmaptrsyifa
Davinhaseum,Davinhaseum
mus_theib,mus_theib
AuisGrand,AuisGrand
satrio_alif,satrio_alif
sked311,sked311
MiRV19Kft,MiRV19Kft
pendekarsilat11,pendekarsilat11
joeyakarta,joeyakarta
Ardi45055074,Ardi45055074
CemeNiXapriL,CemeNiXapriL
nezarpatria,nezarpatria
anamazingbali,anamazingbali
blank0429,blank0429
BegayePontianak,BegayePontianak
und_cuckoosnest,und_cuckoosnest
sukamaung,sukamaung
Cah_bedor,Cah_bedor
ReinHeartAster,ReinHeartAster
harapanrakyat_,harapanrakyat_
AndiePeci,AndiePeci
__AnakKolong,__AnakKolong
matilusa,matilusa
murayyan_,murayyan_
miyuwmiyaw,miyuwmiyaw
infoXwor_,infoXwor_
kabarterkini,kabarterkini
KomnasPerempuan,KomnasPerempuan
bisnisbandung63,bisnisbandung63
rizzqi_naufal,rizzqi_naufal
prabowo,prabowo
cbsnewsroom,cbsnewsroom
timpenguinnas,timpenguinnas
Urpin168,Urpin168
Widino,Widino
RilMeniir,RilMeniir
BocorAlusPol,BocorAlusPol
bukaninierma,bukaninierma
falling_fleur,falling_fleur
indonesiana,indonesiana
makuta_budiyto,makuta_budiyto
_bima_LD,_bima_LD
NurKhol81980737,NurKhol81980737
giriramdan,giriramdan
73eb553d74864d6,73eb553d74864d6
bhagya_loka,bhagya_loka
zldrsliana,zldrsliana
cukupsatukata_,cukupsatukata_
miyaminkomplit,miyaminkomplit
KenDjoko,KenDjoko
jnsnsinagaa,jnsnsinagaa
chuuuuwyy,chuuuuwyy
Defrian38829563,Defrian38829563
igansep,igansep
snowflxxe,snowflxxe
raffimulyaa,raffimulyaa
PaulusWijaya007,PaulusWijaya007
backburnzer,backburnzer
zenonthis,zenonthis
lidra_eve,lidra_eve
nizar_nero27,nizar_nero27
zn_riv,zn_riv
yeayeays,yeayeays
fathoniashari,fathoniashari
farizrizyy,farizrizyy
queen_pudjiast,queen_pudjiast
tacungkil,tacungkil
rendi078,rendi078
orbsshine,orbsshine
bungbess,bungbess
temendustin,temendustin
vngnc,vngnc
enumailish,enumailish
y0urtalkle,y0urtalkle
anginlewat,anginlewat
plumbinq,plumbinq
krisna_bakti52,krisna_bakti52
bekesahdotco_,bekesahdotco_
nolinguistik,nolinguistik
Babatmentai,Babatmentai
StrayKids_LK,StrayKids_LK
riszkatsu,riszkatsu
covunter,covunter
rilpolitikcom,rilpolitikcom
jaka_mah7,jaka_mah7
orangdua_,orangdua_
trakteerID,trakteerID
antarakalbar,antarakalbar
haripuspita,haripuspita
brfelindra,brfelindra
krishnayana95,krishnayana95
aksarana,aksarana
umjcampus,umjcampus
ChunZTR,ChunZTR
ferrykoto,ferrykoto
faturrizqyam,faturrizqyam
barvitone,barvitone
irfanizhang,irfanizhang
LodhongA,LodhongA
tatisamhadi,tatisamhadi
itsquaileggs,itsquaileggs
DitjenPajakRI,DitjenPajakRI
Bud_Cavalera,Bud_Cavalera
P3gEl,P3gEl
DPR_RI,DPR_RI
Aqil_Zulfa,Aqil_Zulfa
dandheedge,dandheedge
Kontras_id_2020,Kontras_id_2020
aisyhnbilla,aisyhnbilla
YNaisunis,YNaisunis
prima_jailani,prima_jailani
Pucchi_JKT48,Pucchi_JKT48
mynameishendry,mynameishendry
Insertlivettv,Insertlivettv
singingvampir,singingvampir
absvalueofx,absvalueofx
Asep_Shelby,Asep_Shelby
jotosihotang,jotosihotang
tipeneee,tipeneee
shadowmonarch39,shadowmonarch39
iNewsbatamid,iNewsbatamid
poetratron,poetratron
CNNIndonesia,CNNIndonesia
Nafiszabdl27,Nafiszabdl27
rezaimamri,rezaimamri
MataTelinga,MataTelinga
officialMKRI,officialMKRI
yaniarsim,yaniarsim
kaikaydan1,kaikaydan1
hari_krist12,hari_krist12
leislocker,leislocker
kerikilll_,kerikilll_
parboaboa,parboaboa
ARSIPAJA,ARSIPAJA
KlikindonesiaC,KlikindonesiaC
maspaannn,maspaannn
radeakarna,radeakarna
Jalu_Kancana,Jalu_Kancana
radarmadiunweb,radarmadiunweb
maulin_n,maulin_n
melplerr,melplerr
KontraS,KontraS
azp__,azp__
robby_rodiyya,robby_rodiyya
SRamadhanty03,SRamadhanty03
HabisNontonFilm,HabisNontonFilm
TV9NUsantara,TV9NUsantara
nirmedia_,nirmedia_
Hatamian11,Hatamian11
itputrichr,itputrichr
milzamrcom,milzamrcom
AJIIndonesia,AJIIndonesia
Miduk17,Miduk17
SuaraGON9,SuaraGON9
artistsbase,artistsbase
ConeFozz,ConeFozz
purnamadesira,purnamadesira
baleomol_com,baleomol_com
unilubis,unilubis
norishito09,norishito09
nadiakputri,nadiakputri
askchangellyAML,askchangellyAML
axmiraclee,axmiraclee
belumtentusoleh,belumtentusoleh
gpsignature21,gpsignature21
pantaucom_,pantaucom_
jorgianaaa,jorgianaaa
aniesbubble,aniesbubble
RaulinKenta,RaulinKenta
sebenarnyaintel,sebenarnyaintel
EBCmedia_,EBCmedia_
suarasikap,suarasikap
sosmedkeras,sosmedkeras
retizen_id,retizen_id
pengacarahandal,pengacarahandal
cahyatrngrh,cahyatrngrh
txtjiminn,txtjiminn
billyjoelbob78,billyjoelbob78
feyshalabz,feyshalabz
TirtoID,TirtoID
AhmadRoyhan33,AhmadRoyhan33
dickymmaulana,dickymmaulana
ohapfut,ohapfut
arsenalskitchen,arsenalskitchen
basebuku,basebuku
FARHAN2Humanity,FARHAN2Humanity
syakroni_sh,syakroni_sh
akrmidori,akrmidori
deathostar,deathostar
nasrudinmar,nasrudinmar
beritasatu,beritasatu
La_Manggilaa,La_Manggilaa
xpuffers,xpuffers
Zul691112,Zul691112
Praencious,Praencious
Leonarddnyasatu,Leonarddnyasatu
Dasyasmina,Dasyasmina
slipirooted,slipirooted
tubirfess,tubirfess
ameliapprmatasz,ameliapprmatasz
gegeakutampol_,gegeakutampol_
officialinews_,officialinews_
_haye_,_haye_
faamufid,faamufid
portalbontang_,portalbontang_
romyfanboy,romyfanboy
AgusHartana6,AgusHartana6
Angka1215,Angka1215
PPMN_official,PPMN_official
jea_n__,jea_n__
catholibc,catholibc
medcom_id,medcom_id
realfedinuril,realfedinuril
naufaalirfaan,naufaalirfaan
rinavvrites,rinavvrites
terkinidotid,terkinidotid
jurnalperempuan,jurnalperempuan
onlyy0on,onlyy0on
rahmaniarbaftim,rahmaniarbaftim
thenextbatutah,thenextbatutah
hmja_pnj,hmja_pnj
DedynurPalakka,DedynurPalakka
chsappeal,chsappeal
txtdrmskl5,txtdrmskl5
waduhmaksimal,waduhmaksimal
queerlinci,queerlinci
Icanhearryou,Icanhearryou
bloodpr38214983,bloodpr38214983
tribunmedan,tribunmedan
Kuro_chi_,Kuro_chi_
meeyeaw,meeyeaw
nasi_padangenak,nasi_padangenak
cicibercerita,cicibercerita
bullyangbee,bullyangbee
jootiekan,jootiekan
Mythicalforest,Mythicalforest
Prasety253,Prasety253
ciumjingyuan,ciumjingyuan
rienewsdotcom,rienewsdotcom
Bazingarock,Bazingarock
aqfiazfan,aqfiazfan
gemaposID,gemaposID
InilahMojokerto,InilahMojokerto
vilcinsky,vilcinsky
mappirewa,mappirewa
pers_birama,pers_birama
jukisan90,jukisan90
txtdrstrangers,txtdrstrangers
eunikero,eunikero
Supernewscoid,Supernewscoid
vaneloody,vaneloody
bangluhut,bangluhut
YanHarahap,YanHarahap
EndraSept,EndraSept
BloombergTZ,BloombergTZ
_naufalmajid,_naufalmajid
FidaSijoriKepri,FidaSijoriKepri
dapengg_,dapengg_
persmercusuar,persmercusuar
northerncsl,northerncsl
sosrsaparila,sosrsaparila
hurtherback,hurtherback
yangmi3prnew,yangmi3prnew
slytherlisa,slytherlisa
itsScopoo,itsScopoo
fuyukidera78,fuyukidera78
aslamcemplonnn,aslamcemplonnn
hegiadhi,hegiadhi
Diseminasi_Info,Diseminasi_Info
PersKognisia,PersKognisia
pejabrut,pejabrut
FadliRdttt,FadliRdttt
Wererio,Wererio
Marhaenpress,Marhaenpress
dinda876789,dinda876789
kenxexey,kenxexey
MisterBenComedy,MisterBenComedy
kentomiyauraaa,kentomiyauraaa
keonwo,keonwo
sossisagaya,sossisagaya
kimawritelism,kimawritelism
twentynarcissus,twentynarcissus
mediaindonesia,mediaindonesia
txtdrjkt,txtdrjkt
sucrethyun,sucrethyun
kaumEAmann,kaumEAmann
RedandW96922244,RedandW96922244
prfromaga,prfromaga
bima_ynwa_92,bima_ynwa_92
Arthaspaceweb,Arthaspaceweb
keuangannews_id,keuangannews_id
liputan6dotcom,liputan6dotcom
adxtsn,adxtsn
alineadotid,alineadotid
AntitesiZt,AntitesiZt
haecchiembul,haecchiembul
cranki_franci,cranki_franci
untungsijorike1,untungsijorike1
klinikhukum,klinikhukum
AJI_JAKARTA,AJI_JAKARTA
SangraKarisma,SangraKarisma
angelchrstaai,angelchrstaai
helmisatria_,helmisatria_
AkuratNewsID,AkuratNewsID
GATRA_com,GATRA_com
toiletdifabel,toiletdifabel
staryjune,staryjune
posaktualcom,posaktualcom
Fuzui_jamrd,Fuzui_jamrd
Imade_kun,Imade_kun
childofmoment,childofmoment
heynads_,heynads_
infojambidotcom,infojambidotcom
mas_veel,mas_veel
folkshittmedia,folkshittmedia
MirnaSari0,MirnaSari0
anarchteezs,anarchteezs
pinnaple24,pinnaple24
zy_zy_its_me,zy_zy_its_me
auzaanf,auzaanf
AlfatihahAnanda,AlfatihahAnanda
sechan948,sechan948
LBH_Bali,LBH_Bali
myourbaee,myourbaee
jjkonlyy,jjkonlyy
ayobacanews,ayobacanews
feedemady,feedemady
barengwarga,barengwarga
helllona,helllona
zakiandikaa,zakiandikaa
soekhuna,soekhuna
anggarariann,anggarariann
PBHI_Nasional,PBHI_Nasional
fallingmonstar,fallingmonstar
nden,nden
Yafi_Nur04,Yafi_Nur04
vinapan64,vinapan64
ExThar_ofc,ExThar_ofc
BustisegneDewi,BustisegneDewi
dearmee99,dearmee99
babybst192155,babybst192155
_mediasiber,_mediasiber
theafragment,theafragment
InvestorID,InvestorID
slpyinsomniaac,slpyinsomniaac
ForHumBUMN,ForHumBUMN
syailendra86123,syailendra86123
lostvayne7_,lostvayne7_
SeputariNews,SeputariNews
supelpowel,supelpowel
en_pau,en_pau
peribawangStash,peribawangStash
Geryaldi2,Geryaldi2
Pixie_Parasols,Pixie_Parasols
erunobi_,erunobi_
dpr_ri,dpr_ri
haloals,haloals
satyabumi,satyabumi
tukismind,tukismind
Gearda,Gearda
Adriandhy,Adriandhy
vivrebelles,vivrebelles
shoot_the_sky,shoot_the_sky
ianhugen,ianhugen
san_eclaire,san_eclaire
NgkongRoses,NgkongRoses
an_ssky,an_ssky
ngosekgaplek,ngosekgaplek
Wicthd14Ddy,Wicthd14Ddy
eryaneriyan,eryaneriyan
Lintas_MNCTV,Lintas_MNCTV
alsalcundip,alsalcundip
TVTempoChannel,TVTempoChannel
Mad49841873,Mad49841873
galihKA,galihKA
EdwrdPatrick,EdwrdPatrick
feri_latief,feri_latief
ted_kho,ted_kho
mpogolkarbinjai,mpogolkarbinjai
PartaiSocmed,PartaiSocmed
H4KARE,H4KARE
ASSurakarta1923,ASSurakarta1923
OposisiOjol,OposisiOjol
sayno_KKN,sayno_KKN
sulistyaninggg,sulistyaninggg
ekstapol,ekstapol
AyoBogorCom,AyoBogorCom
bambang_dody81,bambang_dody81
ebonXboy,ebonXboy
euphorikaa,euphorikaa
MediaonlineSby,MediaonlineSby
yonatanbeneto,yonatanbeneto
suardanaxxii,suardanaxxii
Eris_Markov,Eris_Markov
WANNABE2YOU,WANNABE2YOU
zetalover2000,zetalover2000
__anth,__anth
Dandhy_Laksono,Dandhy_Laksono
nessiejudge,nessiejudge
pdredator,pdredator
bapakkausetan,bapakkausetan
dewplow,dewplow
detik_sumbagsel,detik_sumbagsel
Brahim_maldini,Brahim_maldini
sendalpupus,sendalpupus
_ssscar,_ssscar
riand,riand
just_sho10,just_sho10
SuaraAIDA,SuaraAIDA
imovingone,imovingone
Mdy_Asmara1701,Mdy_Asmara1701
FanyRihardi,FanyRihardi
Frido310595,Frido310595
IDNTimesJatim,IDNTimesJatim
kompasmuda,kompasmuda
PhoenixNauval,PhoenixNauval
Simaniakair2,Simaniakair2
hiddennsage,hiddennsage
scarcitie,scarcitie
RioFl4,RioFl4
nalarpolitik,nalarpolitik
KATADATAcoid,KATADATAcoid
tira_wahyuni66,tira_wahyuni66
kopitiamtea,kopitiamtea
fajarnugros,fajarnugros
infoka_id,infoka_id
gojodreee,gojodreee
gnrlfans,gnrlfans
kmzkm08,kmzkm08
frans_watu,frans_watu
pakuite,pakuite
metro_kepri,metro_kepri
insidpontianak,insidpontianak
j5newsroom,j5newsroom
KemenperinRI,KemenperinRI
tulussendiko,tulussendiko
KolondamSamuel,KolondamSamuel
lukilibra74,lukilibra74
awjen9,awjen9
martinusnussah,martinusnussah
Lonelyloonaa,Lonelyloonaa
firaining,firaining
BangZaack,BangZaack
tribunnews,tribunnews
arifannugraha_,arifannugraha_
idx_channel,idx_channel
PutraDev,PutraDev
_ranituran,_ranituran
neorevolte,neorevolte
flyezam,flyezam
randomnyaakuhh,randomnyaakuhh
nialubis_,nialubis_
RyS_374,RyS_374
senikachester,senikachester
STROWBERRl,STROWBERRl
docrushonyou,docrushonyou
jimbotalterego,jimbotalterego
FaiqHusaen81683,FaiqHusaen81683
nicotinejunkiee,nicotinejunkiee
jackjackparrr,jackjackparrr
fayzul_rafi,fayzul_rafi
puanmaharani_ri,puanmaharani_ri
S1MPF0RM3,S1MPF0RM3
barometer9com,barometer9com
txtdrahsudahlah,txtdrahsudahlah
djavatodaycom,djavatodaycom
wancibiru,wancibiru
zfhorsed,zfhorsed
vio_phile24,vio_phile24
lensaRTV,lensaRTV
obsessionews,obsessionews
zoelfick,zoelfick
Paradox_Buzz,Paradox_Buzz
BonarSiaha55396,BonarSiaha55396
ztovva,ztovva
imazilamudam,imazilamudam
fraviato,fraviato
versaillesyvrn,versaillesyvrn
RifqiBahtiar3,RifqiBahtiar3
darmrditya,darmrditya
izoelsaka,izoelsaka
kegelappan,kegelappan
inimahyoga,inimahyoga
DarahBiroe,DarahBiroe
hpyzzz,hpyzzz
Bithe_co,Bithe_co
YttAlx,YttAlx
akhmadsm_181120,akhmadsm_181120
faisdzaky,faisdzaky
daylightemi59,daylightemi59
NewsTasikcom,NewsTasikcom
sicupuh,sicupuh
cwk_mewibu,cwk_mewibu
cakimiNOW,cakimiNOW
FBN_Net,FBN_Net
wauputra,wauputra
leonagustine,leonagustine
DJPPIKominfo,DJPPIKominfo
TuitKarawang,TuitKarawang
SETYAKI22965702,SETYAKI22965702
panturarayacom,panturarayacom
lacaramael,lacaramael
DistyaDiraS,DistyaDiraS
tinktwtt,tinktwtt
Istvannandi,Istvannandi
hnirankara,hnirankara
sansansansanya,sansansansanya
ListyoSigitP,ListyoSigitP
arynugroho7461,arynugroho7461
ellsgodmother,ellsgodmother
LPM_Dinamika,LPM_Dinamika
gmail,gmail
itsnathmf,itsnathmf
flamingionz,flamingionz
DeriSepti,DeriSepti
AntoniusCDN,AntoniusCDN
Adhit_Android,Adhit_Android
priiiitt,priiiitt
prasetyo_slhdn,prasetyo_slhdn
meeeiftah,meeeiftah
seijuruou,seijuruou
konde_co,konde_co
voaindonesia,voaindonesia
ANTARABengkulu,ANTARABengkulu
G4C0AN,G4C0AN
purpura119,purpura119
Gerindra,Gerindra
KeselekRs,KeselekRs
just_insany,just_insany
inasbilqis,inasbilqis
ferlanmedian,ferlanmedian
sentralbatam,sentralbatam
gambreng__,gambreng__
KoalisiSeni,KoalisiSeni
arja_raihan,arja_raihan
sterIings_,sterIings_
Supaidaman_12,Supaidaman_12
apul_saif,apul_saif
mynovembery,mynovembery
stemkepanjangan,stemkepanjangan
ipulsingasong,ipulsingasong
YouTube,YouTube
tempodotco,tempodotco
awfannnn1,awfannnn1
aracelst,aracelst
yoongicilok,yoongicilok
diembrengsk,diembrengsk
xoxoandchoco,xoxoandchoco
MasMasBiassaa,MasMasBiassaa
RenStriveIV,RenStriveIV
fadhlierlanda,fadhlierlanda
Joglosemarnews,Joglosemarnews
zulfikar_k360ib,zulfikar_k360ib
kenvofv,kenvofv
asmirzakovic,asmirzakovic
spacepiquant,spacepiquant
LexWu_13,LexWu_13
SangLangit01,SangLangit01
everydayismako,everydayismako
corbuzier,corbuzier
Fitrinursya2,Fitrinursya2
ruang_ngguyu,ruang_ngguyu
yana_novianto,yana_novianto
farreliant,farreliant
vickoazl,vickoazl
headlinebogor,headlinebogor
julidah168,julidah168
rmbantencom,rmbantencom
Sumbar_Time,Sumbar_Time
oceanbinie,oceanbinie
ysm7july,ysm7july
idextratime,idextratime
beritamanado,beritamanado
tempowitness,tempowitness
Iroproject71,Iroproject71
SonoraFM92,SonoraFM92
e100ss,e100ss
manukicaumerdu,manukicaumerdu
modernliferacun,modernliferacun
Cristianrchmt,Cristianrchmt
my_starryskyy,my_starryskyy
risfaaa8,risfaaa8
ktsrna,ktsrna
korbankomet,korbankomet
usernotfund34,usernotfund34
logos_id,logos_id
kak_apit90,kak_apit90
ridwankamil,ridwankamil
wahjoewebee,wahjoewebee
bima_setyaputra,bima_setyaputra
zeeamays_,zeeamays_
agasemakindepan,agasemakindepan
netplixz,netplixz
Wedhuzjr,Wedhuzjr
radarsampit,radarsampit
metrojambi,metrojambi
ELNKNTL,ELNKNTL
restumln,restumln
adarwis,adarwis
shaljuy,shaljuy
sediksi,sediksi
auahcapeah,auahcapeah
GUSDURians,GUSDURians
phewwind,phewwind
tentomonshinka,tentomonshinka
imyourki16,imyourki16
gayanusantara,gayanusantara
SurabayaHolic,SurabayaHolic
detikinet,detikinet
abuhafiz1,abuhafiz1
Serigala_Blue,Serigala_Blue
ShofwanMuis,ShofwanMuis
alvissyahri_,alvissyahri_
dumbq_,dumbq_
FRAKasdf,FRAKasdf
alexeturco67,alexeturco67
tanyarlfes,tanyarlfes
ShellyTanoto,ShellyTanoto
Hanif_AF,Hanif_AF
LetsstalkS,LetsstalkS
detakkaltim,detakkaltim
digitalkominfo,digitalkominfo
ninta89552217,ninta89552217
PalletRf,PalletRf
ShandyRahardian,ShandyRahardian
shbsoffan,shbsoffan
chocolatyaa,chocolatyaa
letmeaccompanyu,letmeaccompanyu
unseisocat,unseisocat
satyarsa_bk,satyarsa_bk
NadyaNews21,NadyaNews21
arungbudoyo,arungbudoyo
neotwenty1,neotwenty1
BukanTikus_,BukanTikus_
asamayuer,asamayuer
bitter_daddy,bitter_daddy
hasyanshine,hasyanshine
Keuangan,Keuangan
justkindoftrash,justkindoftrash
AditMKM,AditMKM
kabarberbisik,kabarberbisik
OjolNyambi,OjolNyambi
arthabima,arthabima
jokowi,jokowi
gastrulazi,gastrulazi
Boding1001,Boding1001
GilangCadel,GilangCadel
SonanHD,SonanHD
footycinephile,footycinephile
txtdrimedia,txtdrimedia
agnotoisme,agnotoisme
kopiairhujan08,kopiairhujan08
djurovichad,djurovichad
melanturs,melanturs
absnthmind,absnthmind
4anonimitas,4anonimitas
ObiWan_Catnobi,ObiWan_Catnobi
firman__nurhuda,firman__nurhuda
fadlan_yudatama,fadlan_yudatama
iamvsmymind,iamvsmymind
pulupulumiaw,pulupulumiaw
indraxcahya,indraxcahya
himas_upi,himas_upi
CryptoOdet,CryptoOdet
tvOneNews,tvOneNews
pangeransiahaan,pangeransiahaan
DrEvaChaniago,DrEvaChaniago
enoughnbetter,enoughnbetter
NgawiDemokrat,NgawiDemokrat
berita_sulsel19,berita_sulsel19
antaranews,antaranews
serambinews,serambinews
magrin3045,magrin3045
temanbaic,temanbaic
pythagoress,pythagoress
gokepricom,gokepricom
cryawan,cryawan
Labonnnn,Labonnnn
moonlitebae_,moonlitebae_
101strk,101strk
saykoji,saykoji
Tan_Mar3M,Tan_Mar3M
Rassofyan,Rassofyan
Dulohupa_id,Dulohupa_id
masakini_co,masakini_co
PEMERHATI_ID,PEMERHATI_ID
isusilani,isusilani
chubbyneoguri,chubbyneoguri
pwinxrv,pwinxrv
kepripediacom,kepripediacom
akbarsuryaaa_,akbarsuryaaa_
slow_zeze,slow_zeze
Deslini2,Deslini2
neohistoria_id,neohistoria_id
jondhez,jondhez
20detik,20detik
lustlifeladalah,lustlifeladalah
micellarwaterz,micellarwaterz
setiawa02375936,setiawa02375936
MZ_Rifa,MZ_Rifa
bayuswp,bayuswp
baldynan,baldynan
DamarWibawa,DamarWibawa
andiawanfirman,andiawanfirman
DavidBelcrant,DavidBelcrant
febrofirdaus,febrofirdaus
DedyNad_id,DedyNad_id
tugujatim,tugujatim
lsipublicpolicy,lsipublicpolicy
tetehnyachaya,tetehnyachaya
ayobandungcom,ayobandungcom
Iqbaalkhatami,Iqbaalkhatami
panggilakuAn,panggilakuAn
celliuck,celliuck
tujuhduaempat_,tujuhduaempat_
gemercikmedia,gemercikmedia
gilangdwmny,gilangdwmny
fialamsyah,fialamsyah
Zuherooo,Zuherooo
massshafizh,massshafizh
thisisromanoff,thisisromanoff
firmansyah_shdq,firmansyah_shdq
iam__stanis,iam__stanis
cumainfoinaja,cumainfoinaja
triwahyuutama15,triwahyuutama15
chronosasst,chronosasst
flowkeell,flowkeell
hazmihakam,hazmihakam
_studyan,_studyan
davy2334,davy2334
fxnetizen,fxnetizen
WartaKepri,WartaKepri
samuelpab,samuelpab
RioOchou,RioOchou
KebaikanNusanta,KebaikanNusanta
praburangki,praburangki
7Braders,7Braders
zenrs,zenrs
SINDOnews,SINDOnews
z0necrypt0,z0necrypt0
hardimanos,hardimanos
Rara8Puspa,Rara8Puspa
Dundindam,Dundindam
awesonnee,awesonnee
neitee,neitee
irwndfrry,irwndfrry
maidina__,maidina__
detikcom,detikcom
dialogdjournal,dialogdjournal
henran_,henran_
siceppot,siceppot
hamdan_thoif,hamdan_thoif
rinaldidp,rinaldidp
SuaraSETARA,SuaraSETARA
beritaspiritki1,beritaspiritki1
nomorabsen,nomorabsen
romanezaa,romanezaa
naufalfalahfal,naufalfalahfal
niwseir,niwseir
Kertaaslusuh,Kertaaslusuh
fransira,fransira
MpRamli,MpRamli
karsaksara,karsaksara
Ombak75595353,Ombak75595353
XcalbrioAryaK,XcalbrioAryaK
bilLy_noure,bilLy_noure
abigailimuriaa,abigailimuriaa
persmakreatif_,persmakreatif_
taufikahmd,taufikahmd
Harian_Jogja,Harian_Jogja
luigi_finestra,luigi_finestra
kasintayuraaa,kasintayuraaa
Kopiseduh_,Kopiseduh_
arucloud,arucloud
1berylbreeze,1berylbreeze
manzAL787597,manzAL787597
LuzziMochammad,LuzziMochammad
majorcraftjoe,majorcraftjoe
salvaretha,salvaretha
verrianto_m,verrianto_m
LuvVoldermort,LuvVoldermort
clenoizzzy,clenoizzzy
NurHamidan1,NurHamidan1
sweethellena,sweethellena
f4tl0l,f4tl0l
iteramfs,iteramfs
gagalpemilu,gagalpemilu
KrazzyCats,KrazzyCats
kadivhumaspolri,kadivhumaspolri
recyanide,recyanide
Pepeokatze,Pepeokatze
gilanggadityya,gilanggadityya
villifai,villifai
KopaskaOfficial,KopaskaOfficial
sswsmdd37,sswsmdd37
TheNugrawesome,TheNugrawesome
SPedalangan,SPedalangan
erasmus70,erasmus70
vita_AVP,vita_AVP
dianchristianty,dianchristianty
donidayya,donidayya
sejukorg,sejukorg
UXLINKofficial,UXLINKofficial
AkmalFahre17,AkmalFahre17
Aryprasetyo85,Aryprasetyo85
adrvised,adrvised
valreeiii,valreeiii
radityaRhmwan,radityaRhmwan
lostroysibling,lostroysibling
txtdaritaxpayer,txtdaritaxpayer
Yahya_Kuranji,Yahya_Kuranji
MW_kahmijaya,MW_kahmijaya
UtantoSuryo,UtantoSuryo
N0odlees,N0odlees
blueminapril,blueminapril
notulenjamet,notulenjamet
beritaKBR,beritaKBR
IDNTimesSumsel,IDNTimesSumsel
keyopinionlead,keyopinionlead
fabisthinkingg,fabisthinkingg
KPU_ID,KPU_ID
melianaehe,melianaehe
kapon23,kapon23
ryan_ahmd8,ryan_ahmd8
stockmapping,stockmapping
A_Ryo77,A_Ryo77
ruliemaulana,ruliemaulana
ha____ppare,ha____ppare
ilysm_arkk,ilysm_arkk
carelessrizzard,carelessrizzard
moviemenfes,moviemenfes
whelyive,whelyive
alikhlasmu,alikhlasmu
kegblgnunfaedh,kegblgnunfaedh
arlnsftrr,arlnsftrr
JamesHarletv2,JamesHarletv2
CarolineSarah5,CarolineSarah5
domsumurup,domsumurup
youngjjunie_,youngjjunie_
DaddyMinusSugar,DaddyMinusSugar
HMJUSUFRIZAL,HMJUSUFRIZAL
pegawaikantor,pegawaikantor
Incognitoswan,Incognitoswan
kozirama,kozirama
Rahdioactivee,Rahdioactivee
Koran,Koran
radaraktual,radaraktual
akarprana,akarprana
robydevries,robydevries
Sky_Buz5,Sky_Buz5
Budisae_,Budisae_
senjatanuklir,senjatanuklir
seputarciamis,seputarciamis
arisdogonzalez,arisdogonzalez
pinkyvers_,pinkyvers_
_infaustj,_infaustj
ramagedd0n,ramagedd0n
Lexi_neesan,Lexi_neesan
Danzo5himura,Danzo5himura
03__nakula,03__nakula
uppifess,uppifess
erickthohir,erickthohir
mariastelacn,mariastelacn
arekbirmingham,arekbirmingham
nervessean,nervessean
AJIdenpasar,AJIdenpasar
ErwinSaaputra,ErwinSaaputra
andri_parcox,andri_parcox
pusinggaksihhhh,pusinggaksihhhh
Ndrewstjan,Ndrewstjan
majikanpenjabat,majikanpenjabat
GET_DOVVN,GET_DOVVN
iiosomnia,iiosomnia
paarhhan,paarhhan
muhlissuhaeri_,muhlissuhaeri_
taufanwijaya_,taufanwijaya_
qzrrmls,qzrrmls
mahayoga_amy,mahayoga_amy
nengherba,nengherba
alfiaansyahpt,alfiaansyahpt
riskaadisinii,riskaadisinii
muks53741,muks53741
listlessspirit,listlessspirit
JannahMiltahul,JannahMiltahul
KcroxJ,KcroxJ
rizkidwika,rizkidwika
pejuangtik86536,pejuangtik86536
aniesbaswedan,aniesbaswedan
thrvain,thrvain
CVNKJL,CVNKJL
JatengPos,JatengPos
gambarnana,gambarnana
LPMJustissica,LPMJustissica
AbiyRiskifa,AbiyRiskifa
wwpqkfekrcu,wwpqkfekrcu
Rizky_WPK_,Rizky_WPK_
fufufuf26,fufufuf26
evimsofian,evimsofian
KomnasHAM,KomnasHAM
TheEagle_BEN,TheEagle_BEN
tokinyangino,tokinyangino
Studywithtuday,Studywithtuday
insensesitive,insensesitive
nonerahm,nonerahm
raytasyu,raytasyu
rkive12994,rkive12994
metro_cinema,metro_cinema
cnbcindonesia,cnbcindonesia
radarjombang,radarjombang
LombokPost32,LombokPost32
displayfilkom,displayfilkom
journalin,journalin
ryu_santos1978,ryu_santos1978
lim_filbert,lim_filbert
parlemendjalan,parlemendjalan
frappeelattee,frappeelattee
ariamansluggish,ariamansluggish
IsuAmarah,IsuAmarah
Kevin_asGudier,Kevin_asGudier
temponewsroom,temponewsroom
Ndons_Back,Ndons_Back
entrxnc,entrxnc
IrengHeri,IrengHeri
validnewsid,validnewsid
0tsutsukiM0n,0tsutsukiM0n
BEM_Unsoed,BEM_Unsoed
TajukNasional,TajukNasional
beritajatimcom,beritajatimcom
pieflowersky,pieflowersky
zahra_septiani0,zahra_septiani0
Burudull,Burudull
ShaniBudi,ShaniBudi
duchessofina,duchessofina
hopemikenzi,hopemikenzi
36shoeijanu,36shoeijanu
nugujiya_,nugujiya_
bewithyiu,bewithyiu
plipurlaraa,plipurlaraa
PontianakWarta,PontianakWarta
Haydroculus,Haydroculus
nusabalicom,nusabalicom
garudatvnews,garudatvnews
piyopikavet,piyopikavet
Beritasatu,Beritasatu
RiauIntegritas,RiauIntegritas
gearcloudy,gearcloudy
Serakkuma,Serakkuma
astrida_kaumah4,astrida_kaumah4
ricklalana,ricklalana
selviapicauly,selviapicauly
ilham_febrians,ilham_febrians
JackMoon_MikeAK,JackMoon_MikeAK
Harisfrankyy,Harisfrankyy
apakabarcoid,apakabarcoid
pras18ter,pras18ter
fabianahahn235,fabianahahn235
inilahdotcom,inilahdotcom
cakkadull,cakkadull
vincentazvian,vincentazvian
lidya_yuni45,lidya_yuni45
himmahonline,himmahonline
bleudemer8,bleudemer8
MuzaniGerindra,MuzaniGerindra
u_nagidon,u_nagidon
akbaraja2020,akbaraja2020
komunikasiumy,komunikasiumy
itsluxbona,itsluxbona
snicktwixchicks,snicktwixchicks
mipneral,mipneral
MgmPtmgm,MgmPtmgm
telmidotid,telmidotid
xoxosalman,xoxosalman
time2cici,time2cici
tuhkanasu,tuhkanasu
abdhalikurahman,abdhalikurahman
shintaeffendi,shintaeffendi
indoict,indoict
RadioElshinta,RadioElshinta
benuantadotid,benuantadotid
atharr_qu,atharr_qu
sinfonews_com,sinfonews_com
tugumalang_id,tugumalang_id
SATULSM_LIRA,SATULSM_LIRA
hyukais_mine,hyukais_mine
aasikinn27,aasikinn27
asumsico,asumsico
manamesreeves,manamesreeves
Tackcalbmi,Tackcalbmi
naoxreii,naoxreii
30imagi,30imagi
lanicolecky,lanicolecky
putri_cahya999,putri_cahya999
lbhsemarang,lbhsemarang
DeniSupriyadi06,DeniSupriyadi06
indozonemedia,indozonemedia
Ivanien11,Ivanien11
alviapoppy_,alviapoppy_
FanandiRatrians,FanandiRatrians
spirituit,spirituit
RRukminto,RRukminto
Anak_Senja90,Anak_Senja90
SimplyWrencc,SimplyWrencc
lulac_notlilac,lulac_notlilac
wartanasional24,wartanasional24
DjoysSjp,DjoysSjp
laceratedmaggot,laceratedmaggot
menaramasjid,menaramasjid
dikamarmayeet,dikamarmayeet
tsxxj,tsxxj
agustinidlt,agustinidlt
OLannister550,OLannister550
MythiaVTuber,MythiaVTuber
anggunaay,anggunaay
KomunitasKretek,KomunitasKretek
Conceilted,Conceilted
Renjiro_Junichi,Renjiro_Junichi
PascalJFKNajad,PascalJFKNajad
azzamkalakazam,azzamkalakazam
mungkinperhaps,mungkinperhaps
NAUIIEE,NAUIIEE
de_nada_11,de_nada_11
yudsca,yudsca
setyotomo16,setyotomo16
Adv_ERAT,Adv_ERAT
aripradjaaa,aripradjaaa
darilautID,darilautID
deteksijambicom,deteksijambicom
ATigersVoice,ATigersVoice
RisangPFM,RisangPFM
Rocky_Antonie,Rocky_Antonie
JarjitPacul,JarjitPacul
kelapamuda0468,kelapamuda0468
spiritblueming,spiritblueming
rsemoonsault,rsemoonsault
KP_aja,KP_aja
gue_panya,gue_panya
520serenity,520serenity
erensyq,erensyq
expresidotco,expresidotco
RafayelSunda,RafayelSunda
MochamadDanu,MochamadDanu
rerepandya,rerepandya
akunuwu,akunuwu
yaekaaa2_,yaekaaa2_
a22i03s,a22i03s
6u5tiLiem,6u5tiLiem
BungkusTukang,BungkusTukang
ef_wahyuningsih,ef_wahyuningsih
solehsolihun,solehsolihun
originalgeprek,originalgeprek
saludosparatii,saludosparatii
Rinz_17,Rinz_17
kompastv_manado,kompastv_manado
reoreomeong,reoreomeong
zip88zing,zip88zing
Hasbil_Lbs,Hasbil_Lbs
fadilahdifa,fadilahdifa
CalmBoiy,CalmBoiy
sweetmemoryzz,sweetmemoryzz
tengklengklewer,tengklengklewer
hulijinx,hulijinx
YOHOYOLOYOLO,YOHOYOLOYOLO
ditanindyak,ditanindyak
wennynia,wennynia
IDNTimesSulsel,IDNTimesSulsel
fhdllll,fhdllll
KenapaGwWNI,KenapaGwWNI
nurlailatulc1,nurlailatulc1
suaraindonews_,suaraindonews_
aula_media,aula_media
ekraf_ri,ekraf_ri
IsuSoksial,IsuSoksial
DiptaYudha,DiptaYudha
HanaSoraya_,HanaSoraya_
jeffgoingout,jeffgoingout
golkarpedia,golkarpedia
DraftAnakUnpad,DraftAnakUnpad
rafli_akbar772,rafli_akbar772
rama7dani,rama7dani
KaixaVtuber,KaixaVtuber
pondngalam,pondngalam
Dear6__,Dear6__
PrimaRakyat,PrimaRakyat
IndoPopBase,IndoPopBase
hamba_sahaaya,hamba_sahaaya
huben92,huben92
manadimanasaya,manadimanasaya
GamesRha,GamesRha
sinyalkartuntv,sinyalkartuntv
KompasData,KompasData
Kilat_com,Kilat_com
armimnn,armimnn
Metro_TV,Metro_TV
mitsurichh,mitsurichh
chicohakim,chicohakim
dewanpers,dewanpers
sukasukasry,sukasukasry
Neng_Geulis_,Neng_Geulis_
secretlifeofnun,secretlifeofnun
stbcindonesia,stbcindonesia
aimagisme,aimagisme
keuangan,keuangan
citrouillemiam,citrouillemiam
bakko_apiyapi,bakko_apiyapi
Pantura24jam,Pantura24jam
anvie,anvie
soalparepare,soalparepare
Azizd21,Azizd21
tanyakanrl,tanyakanrl
Rafizakikun,Rafizakikun
uusbiasaaja,uusbiasaaja
muhnur_ilham,muhnur_ilham
Oskar_Odding,Oskar_Odding
KakekHalal,KakekHalal
rasahatiiiy,rasahatiiiy
tkbanat,tkbanat
gowestid,gowestid
apieceofcari,apieceofcari
amnesty_unair,amnesty_unair
drupadawan,drupadawan
MusTakim1091,MusTakim1091
ubsansfess,ubsansfess
rasjawa,rasjawa
AfganPrionggo,AfganPrionggo
okkymadasari,okkymadasari
cryptondo,cryptondo
JPRadarMadura,JPRadarMadura
sugondese6666,sugondese6666
lautberkata,lautberkata
regulusaja,regulusaja
voldemgords,voldemgords
heydanang,heydanang
Iavenderpoppy,Iavenderpoppy
happymealkita,happymealkita
shallypristine,shallypristine
banjarmasinpost,banjarmasinpost
the__1993,the__1993
Y_D_Y_P,Y_D_Y_P
nv_chrome,nv_chrome
Giro004,Giro004
ichal_ms13,ichal_ms13
ReeEzzZ25,ReeEzzZ25
jagatembun,jagatembun
selphieusagi,selphieusagi
kompascom,kompascom
kompasiana,kompasiana
hpwiratraman,hpwiratraman
JPFBASE,JPFBASE
rickyraz_,rickyraz_
Buletincoid,Buletincoid
sepanjanghariii,sepanjanghariii
sagitarinoun,sagitarinoun
jongkokjuk,jongkokjuk
Shimsooae03,Shimsooae03
nanaakunau,nanaakunau
ijti_id,ijti_id
akbarfaizal68,akbarfaizal68
ayana_febrina,ayana_febrina
hellmahardika,hellmahardika
EffendiRistriy1,EffendiRistriy1
sukabumiNewsnet,sukabumiNewsnet
muttbooster,muttbooster
ipoprules,ipoprules
margaretawidi,margaretawidi
MorphoMenelausX,MorphoMenelausX
whitelioonn,whitelioonn
BegawaiMusic,BegawaiMusic
sofiesyarief,sofiesyarief
bali_barometer,bali_barometer
TrifanyKim96,TrifanyKim96
tilehopper,tilehopper
papedaanget,papedaanget
tjacing,tjacing
sleepyshion_,sleepyshion_
EstchenDahl,EstchenDahl
InfosultengID,InfosultengID
darma__p,darma__p
nabiasli_,nabiasli_
cravingmartabak,cravingmartabak
diidot,diidot
itsdamiesites,itsdamiesites
vincentrcrd,vincentrcrd
dhissstiraa,dhissstiraa
urtequillabuddy,urtequillabuddy
PemudaBerimpact,PemudaBerimpact
bintangazhari,bintangazhari
annasa_gumilang,annasa_gumilang
sumemew,sumemew
_argows,_argows
ferykris,ferykris
hansbacara,hansbacara
remotivi,remotivi
RendyAsharry,RendyAsharry
KaukusAkademisi,KaukusAkademisi
namchyyoon,namchyyoon
TrustMe3Buddy,TrustMe3Buddy
deugalih,deugalih
masjie_ae,masjie_ae
Mr_Sukr0o,Mr_Sukr0o
juarapsrb,juarapsrb
saplying,saplying
Tuntastuntas1,Tuntastuntas1
abinada_syah,abinada_syah
markajatau,markajatau
matamu_717,matamu_717
ViafaAliph,ViafaAliph
danszimmer,danszimmer
gedangtibo,gedangtibo
ernestprakasa,ernestprakasa
toothpasteaa,toothpasteaa
lostyouho,lostyouho
tio71092401,tio71092401
suryaptrkarna,suryaptrkarna
Vito_Megataruna,Vito_Megataruna
daraadindaaa,daraadindaaa
ngopibareng_id,ngopibareng_id
ricard_nanda,ricard_nanda
strezzoholic,strezzoholic
JayadiZ61514,JayadiZ61514
rakyatpembaruan,rakyatpembaruan
SelasarSurabaya,SelasarSurabaya
malakaprojectid,malakaprojectid
itsme_freyaa,itsme_freyaa
eksternet,eksternet
PungPurwanto,PungPurwanto
pgsezs,pgsezs
nyembahpohontua,nyembahpohontua
GemaShowIndo,GemaShowIndo
thefirstake,thefirstake
ignfrx,ignfrx
riopangalayo_,riopangalayo_
iHugBenBarnes,iHugBenBarnes
y_kalyanamitra,y_kalyanamitra
lablaweducation,lablaweducation
BintangGuci,BintangGuci
tuanputriitay,tuanputriitay
xquitavee,xquitavee
kelzeg,kelzeg
fuzzybluehaze,fuzzybluehaze
siomndut,siomndut
fakemesiass,fakemesiass
Yattie2023,Yattie2023
MashiroJunalx,MashiroJunalx
perssitus,perssitus
DikiSaatria,DikiSaatria
B0babobabobabo,B0babobabobabo
muazzam1011,muazzam1011
raifantricahya_,raifantricahya_
reubensijokates,reubensijokates
bem__upnvj,bem__upnvj
HendrikSaax,HendrikSaax
gak_makasih,gak_makasih
SilverSeiba,SilverSeiba
caihvyn,caihvyn
introkamvret,introkamvret
wayangorang1234,wayangorang1234
arsitect,arsitect
MarinaPutr,MarinaPutr
IkhsanRevanur,IkhsanRevanur
sonofthesunmine,sonofthesunmine
zoel711,zoel711
dokterparu,dokterparu
idiocracky,idiocracky
adeliadrna,adeliadrna
Alonesiacom,Alonesiacom
tadanohuma28578,tadanohuma28578
ganjarpranowo,ganjarpranowo
Ninolunailena,Ninolunailena
revanagi,revanagi
Cyzmon_,Cyzmon_
chrstmaa,chrstmaa
firnasional,firnasional
IunarIux,IunarIux
berita_hukum,berita_hukum
chaefilmsc,chaefilmsc
49KDJ51YJH,49KDJ51YJH
hani_putri02,hani_putri02
thisismine3x,thisismine3x
Schoollatte,Schoollatte
Uswtn_hasssssss,Uswtn_hasssssss
fforfir,fforfir
ardi_tama1,ardi_tama1
yulitasari33902,yulitasari33902
MrSelimutjiwa,MrSelimutjiwa
m72195,m72195
TechnologueID,TechnologueID
DBarkeh49017,DBarkeh49017
pngstdms,pngstdms
CharlesClaymens,CharlesClaymens
007koteka,007koteka
icha_pertiwi10,icha_pertiwi10
campbell_eqx,campbell_eqx
frhzhrxx,frhzhrxx
NoaFlorastra,NoaFlorastra
IanSalim,IanSalim
dickimahardika,dickimahardika
Merdekja,Merdekja
Iyan_KH,Iyan_KH
treacher0uz,treacher0uz
incapableduck,incapableduck
agcybertv,agcybertv
AHEGA0J00NG,AHEGA0J00NG
Mbkpos_com,Mbkpos_com
rhgps,rhgps
XRenSteve,XRenSteve
whoami884368729,whoami884368729
GunDawan8,GunDawan8
Taufikr898,Taufikr898
munafisk,munafisk
galielsh,galielsh
Muslim_AntiPKI9,Muslim_AntiPKI9
0xsubekti,0xsubekti
news_education_,news_education_
karawangnews,karawangnews
safiya_indryni,safiya_indryni
kikysaputrii,kikysaputrii
kazekage_007,kazekage_007
Adiprayitno_20,Adiprayitno_20
ferizandra,ferizandra
mediasiber_04,mediasiber_04
forumkeadilan_,forumkeadilan_
AlcierMadh,AlcierMadh
Jurnas_net,Jurnas_net
khansaanrf,khansaanrf
Jarakdekat,Jarakdekat
Arie_Kriting,Arie_Kriting
Pungki310,Pungki310
kkphaleskin,kkphaleskin
BosPurwa,BosPurwa
viavall6,viavall6
bangimal,bangimal
cania_citta,cania_citta
akhlakminus,akhlakminus
teerdesm,teerdesm
neuromancer_id,neuromancer_id
JalmowonoArief,JalmowonoArief
ncuz_3a16,ncuz_3a16
arbysoemandoyo,arbysoemandoyo
chillincaffeine,chillincaffeine
oconXBoyy,oconXBoyy
archivemeng,archivemeng
sofiyahprilest1,sofiyahprilest1
KpopChartNet,KpopChartNet
Tyobian,Tyobian
MikaelDewabrata,MikaelDewabrata
rokubungai,rokubungai
rifkihardian,rifkihardian
wartabengawan,wartabengawan
slaviaplats,slaviaplats
funkyfuccs,funkyfuccs
fairusfarizki_,fairusfarizki_
soDAZLE,soDAZLE
jambi_bro,jambi_bro
Prasejaya,Prasejaya
zeroobeyond,zeroobeyond
Rossifinza,Rossifinza
THISlSYOUREND,THISlSYOUREND
swampsludge_,swampsludge_
evanescentauri,evanescentauri
floomil,floomil
sheabuutter_,sheabuutter_
afterzvn,afterzvn
krienfurge,krienfurge
themickeybarnes,themickeybarnes
berlylreb,berlylreb
KuntoAjiW,KuntoAjiW
atosperson_,atosperson_
toiletforchill,toiletforchill
BangWin04,BangWin04
